id,title,description,availability,condition,price,link,image_link,additional_image_link,brand,product_type,custom_label_0,custom_label_1,custom_label_2,custom_label_3,custom_label_4
019df7c0-74a4-705f-a150-175b8fe4c73c,Zalando Gavekort — 8 % cashback,"Gavekort til Europas førende modeplatform
Glæd dig selv, eller en, du holder af, med et gavekort til Zalando - Europas førende modeplatform.",in stock,new,0.00 DKK,https://cashbackmedvisa.dk/find-partnere?filter[s]=Zalando%20Gavekort,https://cdn.jsdelivr.net/gh/anders-coder/cashback-meta-feed@main/images/zalando-gavekort_d94c82ed_1x1.jpg,"https://cdn.jsdelivr.net/gh/anders-coder/cashback-meta-feed@main/images/zalando-gavekort_d94c82ed_4x5.jpg,https://cdn.jsdelivr.net/gh/anders-coder/cashback-meta-feed@main/images/zalando-gavekort_d94c82ed_9x16.jpg",Zalando Gavekort,Mode,highest,8 %,Mode,online,08
019e16f7-5dc4-7288-b96f-5578425d2902,Comforth Scandinavia — 12 % cashback,"Comforth Scandinavia er et dansk, familieejet firma etableret i 2020. Vores produkter er til dig, der går op i egen skønhed og velvære, og som ønsker at blive den smukkeste version af dig selv. Vi tilbyder innovative skønheds- og…",in stock,new,0.00 DKK,https://cashbackmedvisa.dk/eshop/butikker/comforth-scandinavia/019e16f7-5dc4-7288-b96f-5578425d2902,https://cdn.jsdelivr.net/gh/anders-coder/cashback-meta-feed@main/images/comforth-scandinavia_31652337_1x1.jpg,"https://cdn.jsdelivr.net/gh/anders-coder/cashback-meta-feed@main/images/comforth-scandinavia_31652337_4x5.jpg,https://cdn.jsdelivr.net/gh/anders-coder/cashback-meta-feed@main/images/comforth-scandinavia_31652337_9x16.jpg",Comforth Scandinavia,Skønhed og Pleje,highest,12 %,Skønhed og Pleje,online,12
019e1724-a6d0-7148-9602-58211904b2ee,Øndig — 12 % cashback,"Vores udvalg af smykker er bredt og indeholder både elegante halskæder, funklende smykker og smykker med personlig indgravering. Hvad end du er på udkig efter et nyt smykke til dig selv, eller søger den perfekte gave, kan du finde smykker…",in stock,new,0.00 DKK,https://cashbackmedvisa.dk/eshop/butikker/ondig/019e1724-a6d0-7148-9602-58211904b2ee,https://cdn.jsdelivr.net/gh/anders-coder/cashback-meta-feed@main/images/ondig_a50f9c8f_1x1.jpg,"https://cdn.jsdelivr.net/gh/anders-coder/cashback-meta-feed@main/images/ondig_a50f9c8f_4x5.jpg,https://cdn.jsdelivr.net/gh/anders-coder/cashback-meta-feed@main/images/ondig_a50f9c8f_9x16.jpg",Øndig,Mode,highest,12 %,Mode,online,12
019e171d-3cb9-70ec-80ec-1f6b66b34213,Kirlund — 12 % cashback,"Kirlund er et dansk brand der designer og sælger køkkenredskaber og tilbehør – fra knivsæt og pizzaspader til elektriske krydderikværne – med fokus på funktion, stil og madglæde.",in stock,new,0.00 DKK,https://cashbackmedvisa.dk/eshop/butikker/kirlund/019e171d-3cb9-70ec-80ec-1f6b66b34213,https://cdn.jsdelivr.net/gh/anders-coder/cashback-meta-feed@main/images/kirlund_2e09827a_1x1.jpg,"https://cdn.jsdelivr.net/gh/anders-coder/cashback-meta-feed@main/images/kirlund_2e09827a_4x5.jpg,https://cdn.jsdelivr.net/gh/anders-coder/cashback-meta-feed@main/images/kirlund_2e09827a_9x16.jpg",Kirlund,Bolig & have,highest,12 %,Bolig & have,online,12
019e171d-4360-70a8-abda-127a022bf143,Arctic Outdoors — 12 % cashback,Arctic Outdoor udvikler funktionelt og stilrent udendørs tøj og udstyr til både mænd og kvinder — skabt til at klare alt fra vestkystblæst til højfjeldsregn.,in stock,new,0.00 DKK,https://cashbackmedvisa.dk/eshop/butikker/arctic-outdoors/019e171d-4360-70a8-abda-127a022bf143,https://cdn.jsdelivr.net/gh/anders-coder/cashback-meta-feed@main/images/arctic-outdoors_15e577c9_1x1.jpg,"https://cdn.jsdelivr.net/gh/anders-coder/cashback-meta-feed@main/images/arctic-outdoors_15e577c9_4x5.jpg,https://cdn.jsdelivr.net/gh/anders-coder/cashback-meta-feed@main/images/arctic-outdoors_15e577c9_9x16.jpg",Arctic Outdoors,Mode,highest,12 %,Mode,online,12
019e1721-7f82-7208-9b11-5a47d0fa5211,Lauridsen Vine — 12 % cashback,"Lauridsen Vine er en dansk vinhandel og webshop, der forhandler et bredt udvalg af vin, spiritus og tilhørende produkter til både hverdag og fest.",in stock,new,0.00 DKK,https://cashbackmedvisa.dk/eshop/butikker/lauridsen-vine/019e1721-7f82-7208-9b11-5a47d0fa5211,https://cdn.jsdelivr.net/gh/anders-coder/cashback-meta-feed@main/images/lauridsen-vine_89ef2258_1x1.jpg,"https://cdn.jsdelivr.net/gh/anders-coder/cashback-meta-feed@main/images/lauridsen-vine_89ef2258_4x5.jpg,https://cdn.jsdelivr.net/gh/anders-coder/cashback-meta-feed@main/images/lauridsen-vine_89ef2258_9x16.jpg",Lauridsen Vine,Dagligvarer,highest,12 %,Dagligvarer,online,12
019e16fc-d963-7004-932f-e930c66a8555,iHero — 10 % cashback,"iHero ApS er en Dansk virksomhed, der er ejet af to unge iværksættere. Ejerne bag iHero har en stor interesse indenfor Apple produkter og gadgets generelt, det var også det der fik dem til at starte iHero ApS.",in stock,new,0.00 DKK,https://cashbackmedvisa.dk/eshop/butikker/ihero/019e16fc-d963-7004-932f-e930c66a8555,https://cdn.jsdelivr.net/gh/anders-coder/cashback-meta-feed@main/images/ihero_641d2bac_1x1.jpg,"https://cdn.jsdelivr.net/gh/anders-coder/cashback-meta-feed@main/images/ihero_641d2bac_4x5.jpg,https://cdn.jsdelivr.net/gh/anders-coder/cashback-meta-feed@main/images/ihero_641d2bac_9x16.jpg",iHero,Elektronik,highest,10 %,Elektronik,online,10
019e1700-acf2-733d-875a-f04a68d798ac,Cartel Copenhagen — 10 % cashback,"Copenhagen Cartel designer tidløst, bæredygtigt tøj til kvinder, der lever dynamiske og holistiske liv. Inspireret af havets styrke og skønhed skaber de produkter, der kombinerer komfort, kvalitet og elegance. Perfekt til alt fra yoga og…",in stock,new,0.00 DKK,https://cashbackmedvisa.dk/eshop/butikker/cartel-copenhagen/019e1700-acf2-733d-875a-f04a68d798ac,https://cdn.jsdelivr.net/gh/anders-coder/cashback-meta-feed@main/images/cartel-copenhagen_8c70829c_1x1.jpg,"https://cdn.jsdelivr.net/gh/anders-coder/cashback-meta-feed@main/images/cartel-copenhagen_8c70829c_4x5.jpg,https://cdn.jsdelivr.net/gh/anders-coder/cashback-meta-feed@main/images/cartel-copenhagen_8c70829c_9x16.jpg",Cartel Copenhagen,Mode,highest,10 %,Mode,online,10
019e1707-24b7-73a8-8e57-183b2a1976b6,The Nap — 10 % cashback,"The Nap er en dansk e‑handelsvirksomhed fra København, som designer og sælger specialudviklede sove tilbehør som hovedpuder, dyner og ørepropper med fokus på kvalitet, komfort og bedre søvn. Med over 250.000 tilfredse kunder tilbyder de…",in stock,new,0.00 DKK,https://cashbackmedvisa.dk/eshop/butikker/the-nap/019e1707-24b7-73a8-8e57-183b2a1976b6,https://cdn.jsdelivr.net/gh/anders-coder/cashback-meta-feed@main/images/the-nap_8edfeda2_1x1.jpg,"https://cdn.jsdelivr.net/gh/anders-coder/cashback-meta-feed@main/images/the-nap_8edfeda2_4x5.jpg,https://cdn.jsdelivr.net/gh/anders-coder/cashback-meta-feed@main/images/the-nap_8edfeda2_9x16.jpg",The Nap,Bolig & have,highest,10 %,Bolig & have,online,10
019e171d-45d8-71d2-a7cc-ad0aec988ca4,Ascendic — 8 % cashback,"Ascendic er en dansk webshop og butik, der sælger trænings- og fitnessudstyr til hjemmet, herunder løbebånd, motionscykler, romaskiner og håndvægte til alle niveauer af fysisk træning.",in stock,new,0.00 DKK,https://cashbackmedvisa.dk/eshop/butikker/ascendic/019e171d-45d8-71d2-a7cc-ad0aec988ca4,https://cdn.jsdelivr.net/gh/anders-coder/cashback-meta-feed@main/images/ascendic_ed6e8dfb_1x1.jpg,"https://cdn.jsdelivr.net/gh/anders-coder/cashback-meta-feed@main/images/ascendic_ed6e8dfb_4x5.jpg,https://cdn.jsdelivr.net/gh/anders-coder/cashback-meta-feed@main/images/ascendic_ed6e8dfb_9x16.jpg",Ascendic,Sport & Fitness,highest,8 %,Sport & Fitness,online,08
019e171d-4b6e-7038-af98-f858b7c4d40b,Heyo — 8 % cashback,"Heyo.dk er en dansk webshop, der tilbyder et udvalg af moderne accessories og livsstilsprodukter – herunder tasker, punge og små gaver – med fokus på funktionelt design og personlig stil.",in stock,new,0.00 DKK,https://cashbackmedvisa.dk/eshop/butikker/heyo/019e171d-4b6e-7038-af98-f858b7c4d40b,https://cdn.jsdelivr.net/gh/anders-coder/cashback-meta-feed@main/images/heyo_921293cf_1x1.jpg,"https://cdn.jsdelivr.net/gh/anders-coder/cashback-meta-feed@main/images/heyo_921293cf_4x5.jpg,https://cdn.jsdelivr.net/gh/anders-coder/cashback-meta-feed@main/images/heyo_921293cf_9x16.jpg",Heyo,Sport & Fitness,highest,8 %,Sport & Fitness,online,08
019e171d-4b2d-70c6-b3c8-2b293d853d42,Blue Glass — 8 % cashback,"BlueGlass.dk er en dansk webshop, der forhandler designglas, glasprodukter og tilbehør til borddækning og hjemmets indretning.",in stock,new,0.00 DKK,https://cashbackmedvisa.dk/eshop/butikker/blue-glass/019e171d-4b2d-70c6-b3c8-2b293d853d42,https://cdn.jsdelivr.net/gh/anders-coder/cashback-meta-feed@main/images/blue-glass_35dab11f_1x1.jpg,"https://cdn.jsdelivr.net/gh/anders-coder/cashback-meta-feed@main/images/blue-glass_35dab11f_4x5.jpg,https://cdn.jsdelivr.net/gh/anders-coder/cashback-meta-feed@main/images/blue-glass_35dab11f_9x16.jpg",Blue Glass,Mode,highest,8 %,Mode,online,08
019e171d-4693-7254-86e2-afe915315995,Fodplejebutikken — 8 % cashback,"Fodplejebutikken.dk er en dansk webshop, der tilbyder udstyr og produkter til fodpleje, velvære og sundhed – til både professionelle og privatbrugere.",in stock,new,0.00 DKK,https://cashbackmedvisa.dk/eshop/butikker/fodplejebutikken/019e171d-4693-7254-86e2-afe915315995,https://cdn.jsdelivr.net/gh/anders-coder/cashback-meta-feed@main/images/fodplejebutikken_367aab2f_1x1.jpg,"https://cdn.jsdelivr.net/gh/anders-coder/cashback-meta-feed@main/images/fodplejebutikken_367aab2f_4x5.jpg,https://cdn.jsdelivr.net/gh/anders-coder/cashback-meta-feed@main/images/fodplejebutikken_367aab2f_9x16.jpg",Fodplejebutikken,Skønhed og Pleje,highest,8 %,Skønhed og Pleje,online,08
019e1641-c6e5-7341-8857-f5fb12dd617a,Hotels.com — 8 % cashback,"Hotels.com gør det nemt at finde hoteller verden over. Sammenlign priser, læs anmeldelser og book overnatninger til både storbyferier, familieferier og spontane weekendture. Med appen får du ofte særlige tilbud, bonusovernatninger og…",in stock,new,0.00 DKK,https://cashbackmedvisa.dk/eshop/butikker/hotelscom/019e1641-c6e5-7341-8857-f5fb12dd617a,https://cdn.jsdelivr.net/gh/anders-coder/cashback-meta-feed@main/images/hotelscom_18b4859e_1x1.jpg,"https://cdn.jsdelivr.net/gh/anders-coder/cashback-meta-feed@main/images/hotelscom_18b4859e_4x5.jpg,https://cdn.jsdelivr.net/gh/anders-coder/cashback-meta-feed@main/images/hotelscom_18b4859e_9x16.jpg",Hotels.com,"Rejser, hotel & Transport",popular,8 %,"Rejser, hotel & Transport",online,08
0192d846-f9f1-7168-b28c-c415270d5c5e,Synoptik.dk — 5 % cashback,Synoptik er en af Danmarks største optikerkæder med over 100 butikker fordelt i hele landet.,in stock,new,0.00 DKK,https://cashbackmedvisa.dk/find-partnere?filter[s]=Synoptik,https://cdn.jsdelivr.net/gh/anders-coder/cashback-meta-feed@main/images/synoptik_72ec4d94_1x1.jpg,"https://cdn.jsdelivr.net/gh/anders-coder/cashback-meta-feed@main/images/synoptik_72ec4d94_4x5.jpg,https://cdn.jsdelivr.net/gh/anders-coder/cashback-meta-feed@main/images/synoptik_72ec4d94_9x16.jpg",Synoptik.dk,Optiker,popular,5 %,Optiker,physical,05
0186df34-a142-7353-8485-daaa65af94a3,Løberen.dk — 6 % cashback,"Shop løbetøj og -gear af højeste kvalitet hos Løberen, der specialiserer sig i at udbyde løbeudstyr, der passer til dine individuelle behov. Ny kunde: +6 %.",in stock,new,0.00 DKK,https://cashbackmedvisa.dk/find-partnere?filter[s]=L%C3%B8beren,https://cdn.jsdelivr.net/gh/anders-coder/cashback-meta-feed@main/images/loberen_8c5edd35_1x1.jpg,"https://cdn.jsdelivr.net/gh/anders-coder/cashback-meta-feed@main/images/loberen_8c5edd35_4x5.jpg,https://cdn.jsdelivr.net/gh/anders-coder/cashback-meta-feed@main/images/loberen_8c5edd35_9x16.jpg",Løberen.dk,Sport & fitness,popular,6 %,Sport & fitness,online,06
019e16a9-9fd2-70a6-abbc-cbe789964ac3,Matas — 5 % cashback,"Matas tilbyder et bredt udvalg af skønhedsprodukter, sundhed, personlig pleje og livsstil. Her finder du både kendte brands og egne produkter med hurtig levering, gode tilbud og professionel rådgivning online. Bemærk venligst: Du optjener…",in stock,new,0.00 DKK,https://cashbackmedvisa.dk/eshop/butikker/matas/019e16a9-9fd2-70a6-abbc-cbe789964ac3,https://cdn.jsdelivr.net/gh/anders-coder/cashback-meta-feed@main/images/matas_027907f8_1x1.jpg,"https://cdn.jsdelivr.net/gh/anders-coder/cashback-meta-feed@main/images/matas_027907f8_4x5.jpg,https://cdn.jsdelivr.net/gh/anders-coder/cashback-meta-feed@main/images/matas_027907f8_9x16.jpg",Matas,Skønhed og Pleje,popular,5 %,Skønhed og Pleje,online,05
0186df34-c0e8-7337-b163-76daf4a54d0e,GO DREAM — 5 % cashback,"GO DREAM er en verden fuld af adrenalin, smag, forkælelse, eventyr og sjov. De tilbyder nemlig gavekort til et væld af oplevelser – f.eks. restaurant- og museumsbesøg, hotelophold, indoor skydiving, ekstremsport og massage og spa. Ny kunde: +5 %.",in stock,new,0.00 DKK,https://cashbackmedvisa.dk/find-partnere?filter[s]=GO%20DREAM,https://cdn.jsdelivr.net/gh/anders-coder/cashback-meta-feed@main/images/go-dream_0ed504aa_1x1.jpg,"https://cdn.jsdelivr.net/gh/anders-coder/cashback-meta-feed@main/images/go-dream_0ed504aa_4x5.jpg,https://cdn.jsdelivr.net/gh/anders-coder/cashback-meta-feed@main/images/go-dream_0ed504aa_9x16.jpg",GO DREAM,Oplevelser & underholdning,popular,5 %,Oplevelser & underholdning,online,05
019e1b1f-fc80-714a-95d4-8dad57277be7,HelloFresh — 300 kr cashback,Større smagsoplevelser end nogensinde med opskrifter fra hele verden. Tag på smagsrejse og spar op til 959 kr. + få gratis snacks i 3 måneder. Vilkår for denne partner Denne kampagne kan kun bruges en gang per medlem og gælder kun nye…,in stock,new,0.00 DKK,https://cashbackmedvisa.dk/eshop/butikker/hellofresh/019e1b1f-fc80-714a-95d4-8dad57277be7,https://cdn.jsdelivr.net/gh/anders-coder/cashback-meta-feed@main/images/hellofresh_c6631f5e_1x1.jpg,"https://cdn.jsdelivr.net/gh/anders-coder/cashback-meta-feed@main/images/hellofresh_c6631f5e_4x5.jpg,https://cdn.jsdelivr.net/gh/anders-coder/cashback-meta-feed@main/images/hellofresh_c6631f5e_9x16.jpg",HelloFresh,Dagligvarer,popular,300 kr,Dagligvarer,online,00
019e1617-18e6-715e-aa54-4e942e2a5570,Saxo Boghandel — 3 % cashback,"Saxo er landets største boghandel med et rigt udvalg af bøger. Vi har flere millioner danske og engelske titler på hylderne i alle genrer og i alle tilgængelige formater: Trykte bøger, e-bøger og lydbøger.",in stock,new,0.00 DKK,https://cashbackmedvisa.dk/eshop/butikker/saxo-boghandel/019e1617-18e6-715e-aa54-4e942e2a5570,https://cdn.jsdelivr.net/gh/anders-coder/cashback-meta-feed@main/images/saxo-boghandel_25804912_1x1.jpg,"https://cdn.jsdelivr.net/gh/anders-coder/cashback-meta-feed@main/images/saxo-boghandel_25804912_4x5.jpg,https://cdn.jsdelivr.net/gh/anders-coder/cashback-meta-feed@main/images/saxo-boghandel_25804912_9x16.jpg",Saxo Boghandel,Services,popular,3 %,Services,online,03
019e06d9-908d-7082-af88-4c8898ac7f2f,Mofibo — 70 kr cashback,"Én app - tusindvis af bøger. Gå på eventyr i et kæmpe udvalg med mere end 1 million titler indenfor alle genrer. Læs eller lyt på din smartphone og tablet, hvor i verden det passer dig. Via os får du adgang hele 70 dage (100 timer) til kun…",in stock,new,0.00 DKK,https://cashbackmedvisa.dk/eshop/butikker/mofibo/019e06d9-908d-7082-af88-4c8898ac7f2f,https://cdn.jsdelivr.net/gh/anders-coder/cashback-meta-feed@main/images/mofibo_299d1419_1x1.jpg,"https://cdn.jsdelivr.net/gh/anders-coder/cashback-meta-feed@main/images/mofibo_299d1419_4x5.jpg,https://cdn.jsdelivr.net/gh/anders-coder/cashback-meta-feed@main/images/mofibo_299d1419_9x16.jpg",Mofibo,Oplevelser & underholdning,popular,70 kr,Oplevelser & underholdning,online,00
019a0be3-4ede-7206-bad5-1f730a831417,Sony.dk — 5 % cashback,"Sony forener innovation, lyd og billede i japansk topkvalitet – oplev teknologi i verdensklasse. Ny kunde: +10 %.",in stock,new,0.00 DKK,https://cashbackmedvisa.dk/find-partnere?filter[s]=Sony,https://cdn.jsdelivr.net/gh/anders-coder/cashback-meta-feed@main/images/sony_17a7f617_1x1.jpg,"https://cdn.jsdelivr.net/gh/anders-coder/cashback-meta-feed@main/images/sony_17a7f617_4x5.jpg,https://cdn.jsdelivr.net/gh/anders-coder/cashback-meta-feed@main/images/sony_17a7f617_9x16.jpg",Sony.dk,Elektronik,popular,5 %,Elektronik,online,05
019e1691-3567-737e-ba03-20e8d56a9141,Intersport — 5 % cashback,"Hos INTERSPORT finder du alt til din træning for hele familien. Løb, svømning, yoga, fodbold, håndbold, cykling, gymnastik, og vi kunne blive ved.",in stock,new,0.00 DKK,https://cashbackmedvisa.dk/eshop/butikker/intersport/019e1691-3567-737e-ba03-20e8d56a9141,https://cdn.jsdelivr.net/gh/anders-coder/cashback-meta-feed@main/images/intersport_2473d966_1x1.jpg,"https://cdn.jsdelivr.net/gh/anders-coder/cashback-meta-feed@main/images/intersport_2473d966_4x5.jpg,https://cdn.jsdelivr.net/gh/anders-coder/cashback-meta-feed@main/images/intersport_2473d966_9x16.jpg",Intersport,Sport & Fitness,popular,5 %,Sport & Fitness,online,05
0188e244-a04e-73d3-b25b-f393a0ae2e70,Stelton.dk — 10 % cashback,"Innovativt, dansk designhus 
Stelton er et innovativt, dansk designhus, som skaber tidløse, funktionelle, minimalistiske og langtidsholdbare produkter af høj kvalitet.",in stock,new,0.00 DKK,https://cashbackmedvisa.dk/find-partnere?filter[s]=Stelton,https://cdn.jsdelivr.net/gh/anders-coder/cashback-meta-feed@main/images/stelton_f554e0ef_1x1.jpg,"https://cdn.jsdelivr.net/gh/anders-coder/cashback-meta-feed@main/images/stelton_f554e0ef_4x5.jpg,https://cdn.jsdelivr.net/gh/anders-coder/cashback-meta-feed@main/images/stelton_f554e0ef_9x16.jpg",Stelton.dk,Bolig & have,popular,10 %,Bolig & have,online,10
019e16fc-d573-712f-aaf6-2b018636eb9c,3 Internet — 350 kr cashback,"Ingen gravning i haven, ingen teknikerbesøg – online på kun 5 min. Og til samme pris i hele Danmark. 3 gør det nemt for dig at få lynhurtigt og stabilt internet. Du skal ikke vente på gravning til kabler eller teknikerbesøg. Ingen fiber…",in stock,new,0.00 DKK,https://cashbackmedvisa.dk/eshop/butikker/3-internet/019e16fc-d573-712f-aaf6-2b018636eb9c,https://cdn.jsdelivr.net/gh/anders-coder/cashback-meta-feed@main/images/3-internet_c08327ea_1x1.jpg,"https://cdn.jsdelivr.net/gh/anders-coder/cashback-meta-feed@main/images/3-internet_c08327ea_4x5.jpg,https://cdn.jsdelivr.net/gh/anders-coder/cashback-meta-feed@main/images/3-internet_c08327ea_9x16.jpg",3 Internet,Services,popular,350 kr,Services,online,00
019e1726-26a5-7153-b6f5-2f84bcc9ba14,Anne Brauner — 5 % cashback,"Smykker er designet til at blive båret, og derfor er konceptet baseret på de smukke zirkonia sten, som minder meget om diamanter i deres spil med lyset, ekstraordinære glans, og den fantastiske hårdhed. Det giver rig mulighed for at lege…",in stock,new,0.00 DKK,https://cashbackmedvisa.dk/eshop/butikker/anne-brauner/019e1726-26a5-7153-b6f5-2f84bcc9ba14,https://cdn.jsdelivr.net/gh/anders-coder/cashback-meta-feed@main/images/anne-brauner_519a6c03_1x1.jpg,"https://cdn.jsdelivr.net/gh/anders-coder/cashback-meta-feed@main/images/anne-brauner_519a6c03_4x5.jpg,https://cdn.jsdelivr.net/gh/anders-coder/cashback-meta-feed@main/images/anne-brauner_519a6c03_9x16.jpg",Anne Brauner,Mode,catalog,5 %,Mode,online,05
019e1728-f633-7010-a2a1-4776d2f237bb,Avis — 5 % cashback,"Leder du efter frihed på fire hjul? Avis gør det nemt at leje bil via avis.dk, uanset om du rejser, pendler eller planlægger weekendtur, med fleksible løsninger, stærk kvalitet og hurtig booking.",in stock,new,0.00 DKK,https://cashbackmedvisa.dk/eshop/butikker/avis/019e1728-f633-7010-a2a1-4776d2f237bb,https://cdn.jsdelivr.net/gh/anders-coder/cashback-meta-feed@main/images/avis_90e7be26_1x1.jpg,"https://cdn.jsdelivr.net/gh/anders-coder/cashback-meta-feed@main/images/avis_90e7be26_4x5.jpg,https://cdn.jsdelivr.net/gh/anders-coder/cashback-meta-feed@main/images/avis_90e7be26_9x16.jpg",Avis,Services,catalog,5 %,Services,online,05
019e06e2-19b0-726c-8bae-461f67a34765,Beautycos — 5 % cashback,"Beautycos har Danmarks største udvalg af hårprodukter og sælger alle de kendte mærker, som du kan få hos din frisør, bare meget billigere. Vi kæmper hver dag for at være Danmarks billigste forhandler af hårprodukter. Vi har et kæmpe udvalg…",in stock,new,0.00 DKK,https://cashbackmedvisa.dk/eshop/butikker/beautycos/019e06e2-19b0-726c-8bae-461f67a34765,https://cdn.jsdelivr.net/gh/anders-coder/cashback-meta-feed@main/images/beautycos_ef6c437b_1x1.jpg,"https://cdn.jsdelivr.net/gh/anders-coder/cashback-meta-feed@main/images/beautycos_ef6c437b_4x5.jpg,https://cdn.jsdelivr.net/gh/anders-coder/cashback-meta-feed@main/images/beautycos_ef6c437b_9x16.jpg",Beautycos,Skønhed og Pleje,catalog,5 %,Skønhed og Pleje,online,05
019e06de-7cca-70b7-b223-8198a7736c7b,Bubbleroom — 4 % cashback,"Hos Bubbleroom er vi altid et skridt foran med stilarter til den kommende sæson. Vi er en af de største onlinebutikker i Norden og tilbyder shopping til dem, der drømmer om en mere luksuriøs hverdagsliv. Vi har kjoler til enhver lejlighed…",in stock,new,0.00 DKK,https://cashbackmedvisa.dk/eshop/butikker/bubbleroom/019e06de-7cca-70b7-b223-8198a7736c7b,https://cdn.jsdelivr.net/gh/anders-coder/cashback-meta-feed@main/images/bubbleroom_de59feb7_1x1.jpg,"https://cdn.jsdelivr.net/gh/anders-coder/cashback-meta-feed@main/images/bubbleroom_de59feb7_4x5.jpg,https://cdn.jsdelivr.net/gh/anders-coder/cashback-meta-feed@main/images/bubbleroom_de59feb7_9x16.jpg",Bubbleroom,Mode,catalog,4 %,Mode,online,04
019e06e4-1f79-7304-b5e4-53e25e9f69e1,Cocopanda — 4 % cashback,"Cocopanda.dk er en webshop, der sælger skønhedsprodukter som parfume, makeup, hud- og hårpleje fra alle de store brands.",in stock,new,0.00 DKK,https://cashbackmedvisa.dk/eshop/butikker/cocopanda/019e06e4-1f79-7304-b5e4-53e25e9f69e1,https://cdn.jsdelivr.net/gh/anders-coder/cashback-meta-feed@main/images/cocopanda_241e9817_1x1.jpg,"https://cdn.jsdelivr.net/gh/anders-coder/cashback-meta-feed@main/images/cocopanda_241e9817_4x5.jpg,https://cdn.jsdelivr.net/gh/anders-coder/cashback-meta-feed@main/images/cocopanda_241e9817_9x16.jpg",Cocopanda,Skønhed og Pleje,catalog,4 %,Skønhed og Pleje,online,04
019e06d2-25a4-71ed-a734-c214bcafab96,Daniel Wellington — 6 % cashback,"Danielwellington.com er en af verdens førende online butikker og tilbyder stilfulde ure, armbånd og smykker med et tidløst design, der passer til enhver lejlighed. Uanset om du er inviteret til en finere begivenhed, til at spille en…",in stock,new,0.00 DKK,https://cashbackmedvisa.dk/eshop/butikker/daniel-wellington/019e06d2-25a4-71ed-a734-c214bcafab96,https://cdn.jsdelivr.net/gh/anders-coder/cashback-meta-feed@main/images/daniel-wellington_87d6e03e_1x1.jpg,"https://cdn.jsdelivr.net/gh/anders-coder/cashback-meta-feed@main/images/daniel-wellington_87d6e03e_4x5.jpg,https://cdn.jsdelivr.net/gh/anders-coder/cashback-meta-feed@main/images/daniel-wellington_87d6e03e_9x16.jpg",Daniel Wellington,Mode,catalog,6 %,Mode,online,06
019e1727-ba8c-72dd-ba54-8a6496a7a6af,DAY ET — 5 % cashback,"Day ET startede oprindeligt som en del af modehuset Day Birger et Mikkelsen , men står i dag som et selvstændigt brand med en klar mission: At skabe tasker og tilbehør, der gør hverdagen lettere og smukkere for mennesker på farten. Brandet…",in stock,new,0.00 DKK,https://cashbackmedvisa.dk/eshop/butikker/day-et/019e1727-ba8c-72dd-ba54-8a6496a7a6af,https://cdn.jsdelivr.net/gh/anders-coder/cashback-meta-feed@main/images/day-et_a97e52c7_1x1.jpg,"https://cdn.jsdelivr.net/gh/anders-coder/cashback-meta-feed@main/images/day-et_a97e52c7_4x5.jpg,https://cdn.jsdelivr.net/gh/anders-coder/cashback-meta-feed@main/images/day-et_a97e52c7_9x16.jpg",DAY ET,Mode,catalog,5 %,Mode,online,05
019e1b39-12cd-71f1-9653-a0a1e67c7bfa,eesy mobil — 200 kr cashback,"eesy er et 100 % digitalt teleselskab. De gør mobiltelefoni nemt og matcher din digitale hverdag. Hos eesy skal du ikke vælge mellem en masse uigennemskuelige abonnementer med overflødigt fyld. eesy vil gerne give dig det, du har brug for…",in stock,new,0.00 DKK,https://cashbackmedvisa.dk/eshop/butikker/eesy-mobil/019e1b39-12cd-71f1-9653-a0a1e67c7bfa,https://cdn.jsdelivr.net/gh/anders-coder/cashback-meta-feed@main/images/eesy-mobil_f2ab4100_1x1.jpg,"https://cdn.jsdelivr.net/gh/anders-coder/cashback-meta-feed@main/images/eesy-mobil_f2ab4100_4x5.jpg,https://cdn.jsdelivr.net/gh/anders-coder/cashback-meta-feed@main/images/eesy-mobil_f2ab4100_9x16.jpg",eesy mobil,Services,catalog,200 kr,Services,online,00
019e1700-a334-71f4-8776-56052d8cd250,Feriehuse.dk — 2 % cashback,"Feriehuse.dk er en online platform, der tilbyder udlejning af ferieboliger og sommerhuse i Danmark. Med et bredt udvalg af destinationer og faciliteter gør virksomheden det nemt for familier og grupper at finde det perfekte sted til en…",in stock,new,0.00 DKK,https://cashbackmedvisa.dk/eshop/butikker/feriehusedk/019e1700-a334-71f4-8776-56052d8cd250,https://cdn.jsdelivr.net/gh/anders-coder/cashback-meta-feed@main/images/feriehusedk_b7d034e5_1x1.jpg,"https://cdn.jsdelivr.net/gh/anders-coder/cashback-meta-feed@main/images/feriehusedk_b7d034e5_4x5.jpg,https://cdn.jsdelivr.net/gh/anders-coder/cashback-meta-feed@main/images/feriehusedk_b7d034e5_9x16.jpg",Feriehuse.dk,Oplevelser & underholdning,catalog,2 %,Oplevelser & underholdning,online,02
019e16fc-c510-72db-b6b1-cfbb2b403e8b,GANT — 2 % cashback,"Etableret i 1949, Gant er et livsstilsmærke med en amerikansk sportstøjsarv. Vi tilbyder en række produkter på tværs af vores hovedsortiment såvel som GANT Rugger og GANT af Michael Bastian – herunder herre poloshirts, herre chinos, herre…",in stock,new,0.00 DKK,https://cashbackmedvisa.dk/eshop/butikker/gant-3/019e16fc-c510-72db-b6b1-cfbb2b403e8b,https://cdn.jsdelivr.net/gh/anders-coder/cashback-meta-feed@main/images/gant-3_b9804a9e_1x1.jpg,"https://cdn.jsdelivr.net/gh/anders-coder/cashback-meta-feed@main/images/gant-3_b9804a9e_4x5.jpg,https://cdn.jsdelivr.net/gh/anders-coder/cashback-meta-feed@main/images/gant-3_b9804a9e_9x16.jpg",GANT,Mode,catalog,2 %,Mode,online,02
019e1699-6abf-701e-9e41-4e342cd370b4,GetYourGuide — 5 % cashback,"Hvor end dine rejser fører dig hen, tilbyder GetYourGuide den bedste måde at skabe en forbindelse til din destination på. Skab minder over hele kloden med vores lokalt evaluerede og nøje udvalgte oplevelser.",in stock,new,0.00 DKK,https://cashbackmedvisa.dk/eshop/butikker/getyourguide/019e1699-6abf-701e-9e41-4e342cd370b4,https://cdn.jsdelivr.net/gh/anders-coder/cashback-meta-feed@main/images/getyourguide_aa7d66b7_1x1.jpg,"https://cdn.jsdelivr.net/gh/anders-coder/cashback-meta-feed@main/images/getyourguide_aa7d66b7_4x5.jpg,https://cdn.jsdelivr.net/gh/anders-coder/cashback-meta-feed@main/images/getyourguide_aa7d66b7_9x16.jpg",GetYourGuide,"Rejser, hotel & Transport",catalog,5 %,"Rejser, hotel & Transport",online,05
019e1700-ac36-732f-97e8-b80b8d11366f,iRobot.dk — 5 % cashback,"iRobot.dk er din destination for intelligente og effektive robotstøvsugere og moppe-løsninger, der gør rengøringen nemmere. Med avanceret teknologi og brugervenligt design hjælper iRobot dig med at holde dit hjem rent, så du kan fokusere…",in stock,new,0.00 DKK,https://cashbackmedvisa.dk/eshop/butikker/irobotdk/019e1700-ac36-732f-97e8-b80b8d11366f,https://cdn.jsdelivr.net/gh/anders-coder/cashback-meta-feed@main/images/irobotdk_8c2acd6b_1x1.jpg,"https://cdn.jsdelivr.net/gh/anders-coder/cashback-meta-feed@main/images/irobotdk_8c2acd6b_4x5.jpg,https://cdn.jsdelivr.net/gh/anders-coder/cashback-meta-feed@main/images/irobotdk_8c2acd6b_9x16.jpg",iRobot.dk,Elektronik,catalog,5 %,Elektronik,online,05
019e1727-137a-70fb-b9a6-fc1ab593e04c,Kaffepro — 5 % cashback,"KaffePro.dk er en webshop med fokus på kaffeoplevelser og kaffegrej, der forhandler alt fra kaffebønner og kaffemaskiner til udstyr og tilbehør til kaffeentusiaster.",in stock,new,0.00 DKK,https://cashbackmedvisa.dk/eshop/butikker/kaffepro/019e1727-137a-70fb-b9a6-fc1ab593e04c,https://cdn.jsdelivr.net/gh/anders-coder/cashback-meta-feed@main/images/kaffepro_28b80021_1x1.jpg,"https://cdn.jsdelivr.net/gh/anders-coder/cashback-meta-feed@main/images/kaffepro_28b80021_4x5.jpg,https://cdn.jsdelivr.net/gh/anders-coder/cashback-meta-feed@main/images/kaffepro_28b80021_9x16.jpg",Kaffepro,Dagligvarer,catalog,5 %,Dagligvarer,online,05
019e16f7-5a21-7398-969d-682356676af1,Lenovo — 2 % cashback,"Hos Lenovo kan du købe de bedste bærbare computere, notebooks, ultrabooks, pc'er og servere til både hjem og erhverv. Computer tilbehør og opgraderinger findes også her!",in stock,new,0.00 DKK,https://cashbackmedvisa.dk/eshop/butikker/lenovo-2/019e16f7-5a21-7398-969d-682356676af1,https://cdn.jsdelivr.net/gh/anders-coder/cashback-meta-feed@main/images/lenovo-2_0f65256f_1x1.jpg,"https://cdn.jsdelivr.net/gh/anders-coder/cashback-meta-feed@main/images/lenovo-2_0f65256f_4x5.jpg,https://cdn.jsdelivr.net/gh/anders-coder/cashback-meta-feed@main/images/lenovo-2_0f65256f_9x16.jpg",Lenovo,Elektronik,catalog,2 %,Elektronik,online,02
019e16fc-c90b-70af-b8f8-0cdcd00ea409,Lounge by Zalando — 4 % cashback,"Her byder hver dag på noget nyt. Oplev et udvalg på mere end 2.500 førende mode- og livsstilsmærker hver dag, og spar op til 75 %.",in stock,new,0.00 DKK,https://cashbackmedvisa.dk/eshop/butikker/zalando-lounge/019e16fc-c90b-70af-b8f8-0cdcd00ea409,https://cdn.jsdelivr.net/gh/anders-coder/cashback-meta-feed@main/images/zalando-lounge_8cdf2adc_1x1.jpg,"https://cdn.jsdelivr.net/gh/anders-coder/cashback-meta-feed@main/images/zalando-lounge_8cdf2adc_4x5.jpg,https://cdn.jsdelivr.net/gh/anders-coder/cashback-meta-feed@main/images/zalando-lounge_8cdf2adc_9x16.jpg",Lounge by Zalando,Mode,catalog,4 %,Mode,online,04
019ed4e7-6fa2-71f2-89ab-b303c0d096eb,Lyko — 5 % cashback,"Lyko samler hudpleje, hårpleje, makeup og parfume fra mange kendte mærker ét sted. Bestil favoritterne hjemmefra, og få varerne leveret direkte til døren. Et oplagt valg, når man vil forny rutinen eller finde en gave.",in stock,new,0.00 DKK,https://cashbackmedvisa.dk/eshop/butikker/lyko/019ed4e7-6fa2-71f2-89ab-b303c0d096eb,https://cdn.jsdelivr.net/gh/anders-coder/cashback-meta-feed@main/images/lyko_99ab70c8_1x1.jpg,"https://cdn.jsdelivr.net/gh/anders-coder/cashback-meta-feed@main/images/lyko_99ab70c8_4x5.jpg,https://cdn.jsdelivr.net/gh/anders-coder/cashback-meta-feed@main/images/lyko_99ab70c8_9x16.jpg",Lyko,Skønhed og Pleje,catalog,5 %,Skønhed og Pleje,online,05
019e16fc-d1fd-7353-94a3-9e1bb9f9fe5b,Løbeshop — 2 % cashback,"Velkommen til et online løbeunivers, der bygger på en enorm passion for løb og dybdegående viden om vores produkter. Passion er et nøgleord for hele vores forretning, og du vil opleve, at det skinner igennem i alle afdelinger. Sammen løber…",in stock,new,0.00 DKK,https://cashbackmedvisa.dk/eshop/butikker/lobeshop/019e16fc-d1fd-7353-94a3-9e1bb9f9fe5b,https://cdn.jsdelivr.net/gh/anders-coder/cashback-meta-feed@main/images/lobeshop_01e6d8a8_1x1.jpg,"https://cdn.jsdelivr.net/gh/anders-coder/cashback-meta-feed@main/images/lobeshop_01e6d8a8_4x5.jpg,https://cdn.jsdelivr.net/gh/anders-coder/cashback-meta-feed@main/images/lobeshop_01e6d8a8_9x16.jpg",Løbeshop,Sport & Fitness,catalog,2 %,Sport & Fitness,online,02
019e1707-302b-7105-94c3-c326dc632752,Micha Fashion — 6 % cashback,"Micha Fashion Group er en dansk modevirksomhed med base i Herning, der siden 1932 designer, producerer og sælger kvalitetsbeklædning til den modebevidste kvinde i størrelserne 34–48 gennem webshop og fysiske butikker – med kollektioner…",in stock,new,0.00 DKK,https://cashbackmedvisa.dk/eshop/butikker/micha-fashion/019e1707-302b-7105-94c3-c326dc632752,https://cdn.jsdelivr.net/gh/anders-coder/cashback-meta-feed@main/images/micha-fashion_b6843fff_1x1.jpg,"https://cdn.jsdelivr.net/gh/anders-coder/cashback-meta-feed@main/images/micha-fashion_b6843fff_4x5.jpg,https://cdn.jsdelivr.net/gh/anders-coder/cashback-meta-feed@main/images/micha-fashion_b6843fff_9x16.jpg",Micha Fashion,Mode,catalog,6 %,Mode,online,06
019e170d-ddcc-724f-9fba-a484e69a6621,Nespresso — 8 % cashback,"Forkæl dig selv med en virkelig speciel kaffeoplevelse med Nespresso. Vertuo-maskinen giver dig mulighed for at nyde alle typer kaffevarianter i forskellige størrelser, fra en stor kop til en enkelt espresso. Perfekt til dem, der elsker en…",in stock,new,0.00 DKK,https://cashbackmedvisa.dk/eshop/butikker/nespresso/019e170d-ddcc-724f-9fba-a484e69a6621,https://cdn.jsdelivr.net/gh/anders-coder/cashback-meta-feed@main/images/nespresso_80ce2872_1x1.jpg,"https://cdn.jsdelivr.net/gh/anders-coder/cashback-meta-feed@main/images/nespresso_80ce2872_4x5.jpg,https://cdn.jsdelivr.net/gh/anders-coder/cashback-meta-feed@main/images/nespresso_80ce2872_9x16.jpg",Nespresso,Dagligvarer,catalog,8 %,Dagligvarer,online,08
019e1617-0425-70ba-807a-7018a454e964,OiSTER — 200 kr cashback,"OiSTER er et teleselskab med fokus på billige mobilabonnementer, mobilt bredbånd og streaming. Grundlaget for OiSTER har altid været, at det skal være nemt og billigt at være OiSTER-kunde. Derfor skal du vælge OiSTER: - Du får 3's stærke…",in stock,new,0.00 DKK,https://cashbackmedvisa.dk/eshop/butikker/oister/019e1617-0425-70ba-807a-7018a454e964,https://cdn.jsdelivr.net/gh/anders-coder/cashback-meta-feed@main/images/oister_1a51ba63_1x1.jpg,"https://cdn.jsdelivr.net/gh/anders-coder/cashback-meta-feed@main/images/oister_1a51ba63_4x5.jpg,https://cdn.jsdelivr.net/gh/anders-coder/cashback-meta-feed@main/images/oister_1a51ba63_9x16.jpg",OiSTER,Services,catalog,200 kr,Services,online,00
019e16f7-5321-7117-9c0b-caf7f346e854,Radisson Hotels — 2 % cashback,"Velkommen til Radisson Hotels hjemmeside. Udforsk over 1.100 hoteller verden over, og book dit ophold hos os i dag med garanti for de bedste onlinepriser! Bemærk venligst: Du kan kun optjene, når du bestiller online via denne side og kun…",in stock,new,0.00 DKK,https://cashbackmedvisa.dk/eshop/butikker/radisson-hotels/019e16f7-5321-7117-9c0b-caf7f346e854,https://cdn.jsdelivr.net/gh/anders-coder/cashback-meta-feed@main/images/radisson-hotels_03dcee1f_1x1.jpg,"https://cdn.jsdelivr.net/gh/anders-coder/cashback-meta-feed@main/images/radisson-hotels_03dcee1f_4x5.jpg,https://cdn.jsdelivr.net/gh/anders-coder/cashback-meta-feed@main/images/radisson-hotels_03dcee1f_9x16.jpg",Radisson Hotels,Oplevelser & underholdning,catalog,2 %,Oplevelser & underholdning,online,02
019e1734-59f7-721d-8ccd-a2b793049e81,Robell — 6 % cashback,"Robell er et internationalt modebrand med over 30 års erfaring i at designe bukser og jeans specielt til kvinder — med fokus på komfort, pasform og stilfuldt design.",in stock,new,0.00 DKK,https://cashbackmedvisa.dk/eshop/butikker/robell/019e1734-59f7-721d-8ccd-a2b793049e81,https://cdn.jsdelivr.net/gh/anders-coder/cashback-meta-feed@main/images/robell_09274fcf_1x1.jpg,"https://cdn.jsdelivr.net/gh/anders-coder/cashback-meta-feed@main/images/robell_09274fcf_4x5.jpg,https://cdn.jsdelivr.net/gh/anders-coder/cashback-meta-feed@main/images/robell_09274fcf_9x16.jpg",Robell,Mode,catalog,6 %,Mode,online,06
019dbec2-7b76-7198-b4ae-f462434c7880,Saxo Premium — 75 kr cashback,"Saxo Premium giver adgang til tusindvis af e-bøger og lydbøger direkte på mobilen. Udforsk nye titler, lyt offline og få personlige anbefalinger. Perfekt til dig, der vil læse og lytte mere fleksibelt i en travl hverdag. Prøv helt gratis i…",in stock,new,0.00 DKK,https://cashbackmedvisa.dk/eshop/butikker/saxo-premium/019dbec2-7b76-7198-b4ae-f462434c7880,https://cdn.jsdelivr.net/gh/anders-coder/cashback-meta-feed@main/images/saxo-premium_f191554f_1x1.jpg,"https://cdn.jsdelivr.net/gh/anders-coder/cashback-meta-feed@main/images/saxo-premium_f191554f_4x5.jpg,https://cdn.jsdelivr.net/gh/anders-coder/cashback-meta-feed@main/images/saxo-premium_f191554f_9x16.jpg",Saxo Premium,Streaming,catalog,75 kr,Streaming,online,00
019e1734-5d9c-7318-b781-76c95618815e,Shopdyner — 6 % cashback,"Shopdyner er en dansk webshop med fokus på dyner, puder og sengetilbehør – og tilbyder et bredt udvalg af fyldtyper, størrelser og tekstiler, så du kan finde den rette løsning til din søvnkomfort.",in stock,new,0.00 DKK,https://cashbackmedvisa.dk/eshop/butikker/shopdyner/019e1734-5d9c-7318-b781-76c95618815e,https://cdn.jsdelivr.net/gh/anders-coder/cashback-meta-feed@main/images/shopdyner_ccff5ae0_1x1.jpg,"https://cdn.jsdelivr.net/gh/anders-coder/cashback-meta-feed@main/images/shopdyner_ccff5ae0_4x5.jpg,https://cdn.jsdelivr.net/gh/anders-coder/cashback-meta-feed@main/images/shopdyner_ccff5ae0_9x16.jpg",Shopdyner,Bolig & have,catalog,6 %,Bolig & have,online,06
019e7382-c55d-728b-affa-d25c2a053ea7,Strawberry — 5 % cashback,"Hos Strawberry venter en verden af oplevelser – fra hoteller og restauranter til spa, konferencer og events. Med mere end 250 hoteller i Norden, Litauen og på Færøerne er der altid noget nyt at opdage. Strawberry handler om mere end…",in stock,new,0.00 DKK,https://cashbackmedvisa.dk/eshop/butikker/strawberry/019e7382-c55d-728b-affa-d25c2a053ea7,https://cdn.jsdelivr.net/gh/anders-coder/cashback-meta-feed@main/images/strawberry_ee63e194_1x1.jpg,"https://cdn.jsdelivr.net/gh/anders-coder/cashback-meta-feed@main/images/strawberry_ee63e194_4x5.jpg,https://cdn.jsdelivr.net/gh/anders-coder/cashback-meta-feed@main/images/strawberry_ee63e194_9x16.jpg",Strawberry,"Rejser, hotel & Transport",catalog,5 %,"Rejser, hotel & Transport",online,05
019e1b3f-b8a6-722c-9487-e28148ea8a1c,Witt — 5 % cashback,"På wittshop.dk finder dine brugere alt fra prisvindende juicepressere og high-end køkkenmaskiner til de nyeste pizzaovne og produkter til personlig pleje. Vi håndplukker de mest innovative brands som Sage, Everdure by Heston Blumenthal…",in stock,new,0.00 DKK,https://cashbackmedvisa.dk/eshop/butikker/witt/019e1b3f-b8a6-722c-9487-e28148ea8a1c,https://cdn.jsdelivr.net/gh/anders-coder/cashback-meta-feed@main/images/witt_19b9c397_1x1.jpg,"https://cdn.jsdelivr.net/gh/anders-coder/cashback-meta-feed@main/images/witt_19b9c397_4x5.jpg,https://cdn.jsdelivr.net/gh/anders-coder/cashback-meta-feed@main/images/witt_19b9c397_9x16.jpg",Witt,Bolig & have,catalog,5 %,Bolig & have,online,05
019e1734-5a84-70f9-9338-53c307e3a673,Worldmart — 6 % cashback,"Worldmart er et online supermarked med et stort udvalg af autentiske fødevarer og specialprodukter fra hele verden — fra Mellemøsten, Asien, Afrika til Latinamerika — leveret til Danmark.",in stock,new,0.00 DKK,https://cashbackmedvisa.dk/eshop/butikker/worldmart/019e1734-5a84-70f9-9338-53c307e3a673,https://cdn.jsdelivr.net/gh/anders-coder/cashback-meta-feed@main/images/worldmart_5af65eb6_1x1.jpg,"https://cdn.jsdelivr.net/gh/anders-coder/cashback-meta-feed@main/images/worldmart_5af65eb6_4x5.jpg,https://cdn.jsdelivr.net/gh/anders-coder/cashback-meta-feed@main/images/worldmart_5af65eb6_9x16.jpg",Worldmart,Dagligvarer,catalog,6 %,Dagligvarer,online,06
